no_se_venden,
no_se_vende,
parte,
aceite,
humedad,
maduración,
maduración,
hueso,
rotos,
huesos,
huacal,
humedad,
humedad,
humedad,
próximo,
comestible,
procesamiento,
basura,
echa_a_perder,
echa_a_perder,
ocupa,
hueso,
desperdicio,
porque,
pellejo,
reciclada,
maduración,
lo_comen,
tiene_uso,
echa_a_perder,
tiene_uso,
cascaras,
pellejos,
sobras,
exceso,
piña,
pudre,
maduración,lluvia
producto,
cáscaras,
cáscara,
partes,
restos,
desperdicio,
desohojo,
podrido,
residuos,
comida,
echado_a_perder,
es,
es,
rabo,
limpieza,
está,
por,
cáscaras,
sobras,
no_se_venden,
Es,
echado_a_perder,
cascarón,
preparacipn,
echados,
cáscaras,
basura,
niños,
Desojar,
Compras,
maduración,
desecho,
desecho,
Desechan,
maltratado,
maduración,
comestibles,
ocupa,
sequebra,
queda,
comestibles,
consumo,
comestibles,
Residuos,
limpieza,
no_se_vende,
clientes,
limpia,
productos,
limpieza,
limpieza,
preparacion,
sobrante,
comestibles,
sobrante,
desecho,
queda,
residuo,
Preparar,
parte,
dejan,
gente,
Residuos,
residuos,
clientes,
caduca,
Solo,
limpieza,
maduros,
proceso,
proceso,
por,
requieren,
caduca,
echa_a_perder,
desecho,
parte,
limpieza,
parte,
parte,
limpieza,
limpieza,
limpieza,
come,
limpieza,
limpieza,
Deshojar,
apta,
parte,
consumo,
consumo,
cáscaras,
desecho,
desecho,
parte,
poda,
residuos,
partes,
comestibles,
comestibles,
pacientes,
Fiestas,
Sobrantes,
Residuos,
Dejados,
tortillas,
tortillas,
venderse,
limpieza,
sobrante,
Preparacion,
residuos,
limpieza,
Parte,
Proceso,
caduca,
pierde,
parte,
consume,
niños,
vendió,
parte,
desecho,
preparacion,
parte,
ya,
limpieza,
limpieza,
limpieza,
limpieza,
proceso,
está,
calor,
pellejo,
pellejo,
pellejo,
clima,
clima,
caducar,
producto,
podrido,
carne,
comer,
venta,
hueso,
pudre,
grasa,
pronta,
usado,
pellejo,
rápidamente,
huesos,
revueltas,
madurez,
golpeada,
rápida,
exhibición,
comestibles,
comida,
vegetales,
dejan,
cáscara,
desecho,
semillas,
molino,
última,
fecha,
verduras,
vasos,
grasa,
estrellado,
jugos,
Fruta,
lo_comen,
elote,
presentación,
excesiva,
venta,
acompleja,
dejados,
fruta,
día,
selectivos,
pollo,
tienen,
verduras,
fruta,
alimentos,
alimentos,
humano,
después,
queda,
jugos,
platillo,
pacientes,
compra,
producidos,
preparación,
comen,
vende,
coco,
elaboracion,
uva,
salud,
para,
venta,
verdura,
producción,
producción,
carne,
pescado,
conejo,
pescado,
cebolla,
elotes,
para,
venta,
venta,
flores,
desechados,
comestibles,
empleados,
preparación,
dejados,
clientes,
dobladas,
final,
fruta,
jitomate,
cafe,
fruta,
proceso,
cosecha,
preparación,
lo_comen,
día,
venta,
dejan,
alimentos,
preparación,
vegetal,
nopal,
coliflor,
elote,
frutas,
niños,
etapa,
caducidad,
niños,
huesos,
perder,
calidad,
consumidor,
mientras,
restos,
harina,
procesada,
parte,
proceso,
producción,
tortillas,
tanda,
clientes,
excivición,
humedad,
clientes,
extracción,
después,
durante,
jugos,
dejan,
jugo,
porque,
preparación,
naranja,
jugo,
grasa,
cocina,
alimentos,
zanahoria,
venta,
preparación,
comen,
alimentos,
preparación,
comer,
no_se_venden,
día,
corte,
clientes,
residuos,
comestible,
reciclado,
comida,
arroja,
hornear,
después,
gorgojos,
jugo,
extraer,
preparación,
licuados,
platos,
tiene,
alimentos,
vender,
jugos,
establecimiento,
razones,
quedan,
clientes,
